Model,Rouge_Scores,Length_of_Summary,Training_Time,TOPSIS_Score,Rank
RoBERTa,0.77,133,10,0.5114158851320203,4.0
ELECTRA,0.79,137,11,0.4202523181149527,5.0
DistilBERT,0.72,125,7,0.6821013413544829,1.0
ALBERT,0.81,142,13,0.3178986586455171,6.0
GPT-2,0.76,132,9,0.6192896113052999,3.0
CTRL,0.74,128,8,0.6776125040563942,2.0
